id,date,time,surname,name,first name,goal,result
2,2013-10-11,15:50:00,White,Tiffany,Ann,to talk much,none
4,2013-10-11,15:50:00,White,Tiffany,Ann,to talk much,none
6,2013-10-11,16:50:00,Petrucci,John,Andrew,to talk much,none
1,2013-12-12,14:40:00,White,Tiffany,Ann,to talk about everything,none
3,2013-12-30,12:35:00,Petrucci,John,Andrew,to think about sky & sun,none
5,2013-12-30,18:35:00,White,Tiffany,Ann,to think about sky & sun,none
7,2013-12-30,17:35:00,Petrucci,John,Andrew,to think about sky & sun,none
