id,date,time,surname,name,first name,goal,result
2,2013-10-11,15:50:00,White,Tiffany,Ann,1,to talk much,-
4,2013-10-11,15:50:00,White,Tiffany,Ann,1,to talk much,-
6,2013-10-11,16:50:00,Petrucci,John,Andrew,2,to talk much,-
1,2013-12-12,14:40:00,White,Tiffany,Ann,1,to talk about everything,-
3,2013-12-30,12:35:00,Petrucci,John,Andrew,2,to think about sky & sun,-
5,2013-12-30,18:35:00,White,Tiffany,Ann,1,to think about sky & sun,-
7,2013-12-30,17:35:00,Petrucci,John,Andrew,2,to think about sky & sun,-
